,2014-11-21 14:20:46.318000,2014-11-21 14:23:50.711000,ܼ
,0,0,0
,0,0,0
,0,0,0
,0,0,0
,0,0,0
,0,0,0
,0,0,0
,0,0,0
,0,0,0
,0,0,0
,0,0,0
,0,0,0
,0,0,0
ռ,0,0,0
,0,0,0
,0,0,0
,0,0,0
,0,0,0
,0,0,0
,0,0,0
,0,0,0
,0,0,0
,0,0,0
,0,0,0
,0,0,0
,0,0,0
,0,0,0
,0,0,0
,0,0,0
,0,0,0
,0,0,0
,0,0,0
,1,1,2
,0,0,0
,0,0,0
,0,0,0
,0,0,0
,0,0,0
,1,1,2
,0,0,0
,0,0,0
,0,0,0
,0,0,0
,0,0,0
,0,0,0
,0,0,0
,25,25,50
,0,0,0
,0,0,0
,0,0,0
,0,0,0
,1,1,2
,0,0,0
,0,0,0
,0,0,0
,0,0,0
,0,0,0
,0,0,0
,0,0,0
,0,0,0
,0,0,0
,0,0,0
,0,0,0
,1,1,2
߾,0,0,0
߽,0,0,0
,0,0,0
ߺ,0,0,0
,0,0,0
߶,0,0,0
ߵ,0,0,0
ߴ,0,0,0
߳,0,0,0
,0,0,0
߯,0,0,0
,0,0,0
,0,0,0
߬,0,0,0
,0,0,0
ߩ,0,0,0
,0,0,0
ߥ,0,0,0
,0,0,0
ߣ,0,0,0
ߢ,0,0,0
,0,0,0
,0,0,0
ʬ,1,1,2
,0,0,0
ʮ,12,12,24
,0,0,0
ʯ,3,3,6
,0,0,0
,0,0,0
ʩ,0,0,0
,0,0,0
պ,0,0,0
ʫ,2,2,4
ʤ,6,6,12
ʦ,4,4,8
,0,0,0
ʧ,18,18,36
,3,3,6
ʡ,0,0,0
ʣ,2,2,4
,0,0,0
,0,0,0
,2,2,4
,3,3,6
¼,3,3,6
,0,0,0
Ƴ,0,0,0
,0,0,0
,0,0,0
,0,0,0
,0,0,0
,0,0,0
,7,7,14
,0,0,0
,0,0,0
,0,0,0
,0,0,0
,0,0,0
,1,1,2
,0,0,0
,1,1,2
,0,0,0
,1,1,2
,0,0,0
,0,0,0
,0,0,0
,0,0,0
,0,0,0
,0,0,0
,8,8,16
,0,0,0
,2,2,4
,3,3,6
,0,0,0
,0,0,0
,0,0,0
,0,0,0
,0,0,0
,0,0,0
,0,0,0
,0,0,0
,1,1,2
,0,0,0
,0,0,0
,0,0,0
,1,1,2
,0,0,0
,1,1,2
,0,0,0
,0,0,0
,0,0,0
,10,10,20
,1,1,2
,0,0,0
,1,1,2
,0,0,0
,2,2,4
,0,0,0
,1,1,2
,7,7,14
,0,0,0
,0,0,0
,0,0,0
,0,0,0
,1,1,2
,0,0,0
,0,0,0
,0,0,0
,0,0,0
,0,0,0
,0,0,0
,0,0,0
,6,6,12
,0,0,0
,8,8,16
,0,0,0
,0,0,0
,1,1,2
,0,0,0
,16,16,32
,88,88,176
,0,0,0
,0,0,0
,2,2,4
,0,0,0
,0,0,0
,6,6,12
,0,0,0
,0,0,0
,0,0,0
,0,0,0
,0,0,0
,0,0,0
,0,0,0
,0,0,0
,0,0,0
,0,0,0
,0,0,0
,8,8,16
,3,3,6
,0,0,0
й,0,0,0
,3,3,6
,0,0,0
,0,0,0
,1,1,2
,1,1,2
ƻ,1,1,2
,0,0,0
¡,0,0,0
ѱ,0,0,0
Ѱ,6,6,12
ѳ,0,0,0
,0,0,0
ѵ,3,3,6
Ѵ,0,0,0
ѷ,0,0,0
Ѷ,0,0,0
ѹ,4,4,8
Ѹ,0,0,0
ѻ,0,0,0
Ѻ,0,0,0
ѽ,0,0,0
Ѽ,1,1,2
ѿ,0,0,0
Ѿ,2,2,4
ѡ,11,11,22
ѣ,1,1,2
Ѣ,0,0,0
ѥ,1,1,2
Ѥ,0,0,0
ѧ,27,27,54
ѩ,7,7,14
Ѩ,1,1,2
ѫ,0,0,0
Ѫ,3,3,6
ѭ,3,3,6
Ѭ,0,0,0
ѯ,0,0,0
Ѯ,0,0,0
ڬ,0,0,0
,0,0,0
ڮ,0,0,0
گ,0,0,0
ڨ,0,0,0
ک,0,0,0
ګ,0,0,0
ڤ,0,0,0
ڦ,0,0,0
߭,0,0,0
ڣ,0,0,0
ڼ,0,0,0
,0,0,0
ڸ,0,0,0
ں,0,0,0
ڻ,0,0,0
ڵ,0,0,0
ڶ,0,0,0
,0,0,0
,0,0,0
,0,0,0
,1,1,2
,2,2,4
,1,1,2
,6,6,12
,0,0,0
,2,2,4
,9,9,18
,5,5,10
,1,1,2
,0,0,0
,0,0,0
,1,1,2
,0,0,0
,1,1,2
,2,2,4
,0,0,0
,0,0,0
,0,0,0
,0,0,0
,0,0,0
,1,1,2
,0,0,0
,0,0,0
,0,0,0
,0,0,0
,0,0,0
,0,0,0
,1,1,2
,0,0,0
,3,3,6
,1,1,2
,1,1,2
,2,2,4
,5,5,10
,0,0,0
,0,0,0
,0,0,0
,1,1,2
,0,0,0
,0,0,0
,11,11,22
,0,0,0
,0,0,0
,0,0,0
,0,0,0
,3,3,6
,1,1,2
,0,0,0
,0,0,0
,0,0,0
,1,1,2
,0,0,0
,0,0,0
,0,0,0
,0,0,0
,0,0,0
,0,0,0
,3,3,6
,4,4,8
,0,0,0
,0,0,0
ë,2,2,4
ê,0,0,0
è,0,0,0
ï,0,0,0
î,0,0,0
í,0,0,0
ì,0,0,0
ã,0,0,0
â,0,0,0
á,0,0,0
ç,0,0,0
æ,2,2,4
å,0,0,0
ä,1,1,2
û,47,47,94
ú,0,0,0
ù,0,0,0
ø,0,0,0
ÿ,26,26,52
þ,0,0,0
ý,3,3,6
ü,2,2,4
ó,0,0,0
ò,4,4,8
ñ,0,0,0
ð,2,2,4
÷,3,3,6
ö,0,0,0
õ,1,1,2
ô,0,0,0
,0,0,0
,0,0,0
,0,0,0
,0,0,0
,4,4,8
,1,1,2
,0,0,0
,4,4,8
,0,0,0
,0,0,0
,30,30,60
,0,0,0
,0,0,0
,2,2,4
,0,0,0
,1,1,2
,0,0,0
,3,3,6
,0,0,0
,1,1,2
,0,0,0
,0,0,0
,0,0,0
,0,0,0
,0,0,0
,0,0,0
,5,5,10
,0,0,0
,0,0,0
,3,3,6
,0,0,0
,0,0,0
,0,0,0
,2,2,4
,0,0,0
,0,0,0
,0,0,0
,3,3,6
,0,0,0
,1,1,2
,0,0,0
,0,0,0
,0,0,0
,11,11,22
,0,0,0
,0,0,0
,7,7,14
,0,0,0
,0,0,0
,0,0,0
,1,1,2
,0,0,0
,2,2,4
,0,0,0
,0,0,0
,8,8,16
,0,0,0
,36,36,72
,0,0,0
,3,3,6
,0,0,0
,0,0,0
,0,0,0
,9,9,18
,2,2,4
,0,0,0
,0,0,0
,8,8,16
,2,2,4
,0,0,0
,28,28,56
,0,0,0
,0,0,0
,0,0,0
,0,0,0
,0,0,0
,0,0,0
,0,0,0
,1,1,2
,0,0,0
,0,0,0
,0,0,0
,0,0,0
,1,1,2
,0,0,0
,7,7,14
,1,1,2
,0,0,0
,3,3,6
,0,0,0
,3,3,6
,0,0,0
,0,0,0
,0,0,0
,0,0,0
,0,0,0
,0,0,0
,0,0,0
,0,0,0
,0,0,0
,0,0,0
,0,0,0
,0,0,0
,0,0,0
,5,5,10
,0,0,0
,0,0,0
,0,0,0
,2,2,4
,1,1,2
,0,0,0
,0,0,0
,0,0,0
,0,0,0
,0,0,0
,1,1,2
,1,1,2
,19,19,38
,1,1,2
̦,0,0,0
̧,1,1,2
̤,0,0,0
̥,0,0,0
̢,0,0,0
̣,0,0,0
̡,0,0,0
̮,0,0,0
̯,0,0,0
̬,4,4,8
̭,0,0,0
,0,0,0
̫,8,8,16
̨,5,5,10
̩,0,0,0
̶,0,0,0
,2,2,4
̴,0,0,0
̵,0,0,0
̲,0,0,0
̳,0,0,0
̰,1,1,2
̱,0,0,0
̾,0,0,0
̿,0,0,0
̼,0,0,0
̽,2,2,4
̺,0,0,0
̻,0,0,0
̸,2,2,4
̹,1,1,2
,0,0,0
,1,1,2
,0,0,0
,0,0,0
,1,1,2
,0,0,0
,0,0,0
,0,0,0
,0,0,0
,0,0,0
,0,0,0
,1,1,2
,7,7,14
,0,0,0
,1,1,2
,0,0,0
,27,27,54
,0,0,0
,1,1,2
,0,0,0
,1,1,2
,2,2,4
,1,1,2
,1,1,2
,0,0,0
,0,0,0
,0,0,0
,2,2,4
,0,0,0
,6,6,12
,11,11,22
,0,0,0
,3,3,6
,0,0,0
,2,2,4
,0,0,0
,5,5,10
,0,0,0
,5,5,10
,0,0,0
,9,9,18
,0,0,0
,3,3,6
,0,0,0
,0,0,0
,0,0,0
,0,0,0
,0,0,0
,0,0,0
,0,0,0
,0,0,0
,1,1,2
,7,7,14
,0,0,0
,0,0,0
,0,0,0
,0,0,0
,0,0,0
,1,1,2
,0,0,0
,0,0,0
,1,1,2
,0,0,0
,0,0,0
,0,0,0
,0,0,0
,0,0,0
,22,22,44
,0,0,0
,0,0,0
,0,0,0
,8,8,16
,0,0,0
,4,4,8
,0,0,0
,0,0,0
,0,0,0
,3,3,6
,1,1,2
,0,0,0
,0,0,0
,0,0,0
,0,0,0
,0,0,0
,0,0,0
,24,24,48
,6,6,12
,0,0,0
,0,0,0
,0,0,0
,0,0,0
,0,0,0
,0,0,0
,0,0,0
,0,0,0
,0,0,0
,0,0,0
,0,0,0
,0,0,0
,0,0,0
,0,0,0
,0,0,0
,0,0,0
,7,7,14
,11,11,22
,3,3,6
,0,0,0
,4,4,8
,7,7,14
,1,1,2
,0,0,0
,0,0,0
,0,0,0
,0,0,0
,0,0,0
,5,5,10
,21,21,42
,4,4,8
,0,0,0
,0,0,0
,1,1,2
,1,1,2
,0,0,0
,0,0,0
,0,0,0
,23,23,46
,18,18,36
,1,1,2
,6,6,12
,0,0,0
,0,0,0
,0,0,0
,0,0,0
,0,0,0
,6,6,12
,0,0,0
,0,0,0
,0,0,0
,0,0,0
,0,0,0
,0,0,0
,0,0,0
,0,0,0
,0,0,0
,0,0,0
,0,0,0
,0,0,0
,0,0,0
,0,0,0
,0,0,0
,0,0,0
,0,0,0
,0,0,0
,0,0,0
,0,0,0
,0,0,0
,0,0,0
,0,0,0
,0,0,0
,0,0,0
,0,0,0
,0,0,0
,0,0,0
,0,0,0
,0,0,0
,0,0,0
,0,0,0
,0,0,0
,0,0,0
,0,0,0
,0,0,0
,0,0,0
,0,0,0
,0,0,0
,0,0,0
,1,1,2
,0,0,0
,0,0,0
,0,0,0
,0,0,0
,0,0,0
,0,0,0
,0,0,0
,0,0,0
,0,0,0
,0,0,0
,0,0,0
,0,0,0
ϴ,7,7,14
,0,0,0
,1,1,2
,0,0,0
,0,0,0
,0,0,0
,0,0,0
,0,0,0
,0,0,0
,0,0,0
,0,0,0
,0,0,0
,0,0,0
,4,4,8
,0,0,0
,0,0,0
,0,0,0
,0,0,0
,0,0,0
,0,0,0
,0,0,0
,0,0,0
,0,0,0
,0,0,0
,0,0,0
,0,0,0
,0,0,0
,0,0,0
,0,0,0
,0,0,0
,0,0,0
,0,0,0
,0,0,0
,0,0,0
,0,0,0
ױ,0,0,0
,0,0,0
,0,0,0
,0,0,0
,0,0,0
,0,0,0
,0,0,0
,2,2,4
,0,0,0
,0,0,0
,0,0,0
,0,0,0
,0,0,0
,0,0,0
,0,0,0
,0,0,0
ۏ,0,0,0
,0,0,0
,8,8,16
,0,0,0
,0,0,0
,0,0,0
ۻ,0,0,0
,0,0,0
,0,0,0
,0,0,0
,1,1,2
,0,0,0
,0,0,0
,1,1,2
,0,0,0
,1,1,2
,0,0,0
,0,0,0
,7,7,14
,0,0,0
,2,2,4
,0,0,0
,28,28,56
,0,0,0
,0,0,0
,0,0,0
,0,0,0
,0,0,0
,4,4,8
,0,0,0
,0,0,0
,0,0,0
,0,0,0
,1,1,2
,0,0,0
,0,0,0
,7,7,14
,0,0,0
,11,11,22
,0,0,0
,0,0,0
,0,0,0
,2,2,4
,0,0,0
,1,1,2
,0,0,0
,0,0,0
,27,27,54
,0,0,0
,1,1,2
,0,0,0
,0,0,0
,0,0,0
,0,0,0
,8,8,16
,16,16,32
,4,4,8
,1,1,2
,2,2,4
,1,1,2
,7,7,14
,0,0,0
,1,1,2
,0,0,0
,0,0,0
,2,2,4
,0,0,0
,0,0,0
,0,0,0
,0,0,0
,0,0,0
,0,0,0
,3,3,6
,0,0,0
,0,0,0
,0,0,0
,0,0,0
,0,0,0
,5,5,10
,0,0,0
,0,0,0
,0,0,0
,0,0,0
,0,0,0
,3,3,6
,0,0,0
,0,0,0
,0,0,0
,0,0,0
,0,0,0
,0,0,0
,7,7,14
,0,0,0
,0,0,0
,0,0,0
,1,1,2
,0,0,0
,6,6,12
,0,0,0
,0,0,0
,0,0,0
,0,0,0
,14,14,28
,1,1,2
,1,1,2
,0,0,0
,8,8,16
,3,3,6
,0,0,0
,0,0,0
,0,0,0
,10,10,20
©,0,0,0
,0,0,0
,7,7,14
,1,1,2
,0,0,0
,1,1,2
,0,0,0
ͥ,0,0,0
ͤ,0,0,0
ͧ,0,0,0
ͦ,1,1,2
͡,0,0,0
ͣ,8,8,16
͢,0,0,0
ͭ,0,0,0
ͬ,21,21,42
ͯ,2,2,4
ͮ,0,0,0
ͩ,0,0,0
ͨ,7,7,14
ͫ,0,0,0
͵,1,1,2
ʹ,6,6,12
ͷ,7,7,14
Ͷ,3,3,6
ͱ,0,0,0
Ͱ,0,0,0
ͳ,1,1,2
ͽ,1,1,2
ͼ,1,1,2
Ϳ,0,0,0
;,0,0,0
͹,0,0,0
͸,2,2,4
ͻ,6,6,12
ͺ,0,0,0
,0,0,0
֡,0,0,0
֢,2,2,4
֣,0,0,0
֤,1,1,2
֥,1,1,2
֦,0,0,0
֧,9,9,18
֨,0,0,0
֩,0,0,0
֪,42,42,84
֫,0,0,0
֬,0,0,0
֭,0,0,0
֮,24,24,48
֯,0,0,0
ְ,3,3,6
ֱ,10,10,20
ֲ,1,1,2
ֳ,0,0,0
ִ,3,3,6
ֵ,4,4,8
ֶ,0,0,0
ַ,0,0,0
ָ,6,6,12
ֹ,3,3,6
ֺ,0,0,0
ֻ,21,21,42
ּ,1,1,2
ֽ,3,3,6
־,0,0,0
ֿ,0,0,0
,0,0,0
,4,4,8
,1,1,2
,5,5,10
,0,0,0
,0,0,0
,5,5,10
,16,16,32
,16,16,32
,1,1,2
,8,8,16
,0,0,0
,0,0,0
,1,1,2
,0,0,0
,16,16,32
,9,9,18
,0,0,0
,0,0,0
,0,0,0
,1,1,2
,19,19,38
,0,0,0
,5,5,10
,19,19,38
,4,4,8
,2,2,4
,2,2,4
,20,20,40
,7,7,14
,0,0,0
,0,0,0
,1,1,2
,0,0,0
,0,0,0
,12,12,24
,7,7,14
,0,0,0
,0,0,0
,2,2,4
,0,0,0
,0,0,0
,2,2,4
,0,0,0
,0,0,0
,0,0,0
,1,1,2
,0,0,0
,0,0,0
,1,1,2
,0,0,0
,0,0,0
,3,3,6
,0,0,0
,0,0,0
,10,10,20
,2,2,4
,0,0,0
,2,2,4
,1,1,2
,0,0,0
,0,0,0
,0,0,0
,0,0,0
п,0,0,0
,6,6,12
,0,0,0
,7,7,14
,0,0,0
,1,1,2
,9,9,18
,0,0,0
,0,0,0
,1,1,2
,0,0,0
,0,0,0
,0,0,0
,1,1,2
,2,2,4
,1,1,2
,5,5,10
,1,1,2
,0,0,0
,0,0,0
,0,0,0
,0,0,0
,0,0,0
,0,0,0
,0,0,0
,0,0,0
,2,2,4
,0,0,0
,0,0,0
,0,0,0
,0,0,0
,0,0,0
,0,0,0
,0,0,0
,0,0,0
,55,55,110
,5,5,10
,11,11,22
,11,11,22
,22,22,44
,1,1,2
,0,0,0
,0,0,0
,0,0,0
,0,0,0
,1,1,2
,0,0,0
,0,0,0
,1,1,2
,2,2,4
,0,0,0
,1,1,2
,0,0,0
,0,0,0
,0,0,0
,4,4,8
,1,1,2
,11,11,22
,0,0,0
,2,2,4
,6,6,12
,0,0,0
,0,0,0
,0,0,0
,0,0,0
,1,1,2
,3,3,6
,1,1,2
,2,2,4
,0,0,0
,1,1,2
,2,2,4
,83,83,166
,1,1,2
,3,3,6
,6,6,12
,0,0,0
,0,0,0
,0,0,0
,47,47,94
,0,0,0
,0,0,0
,2,2,4
,0,0,0
,0,0,0
,6,6,12
,0,0,0
,1,1,2
,2,2,4
,0,0,0
,0,0,0
,1,1,2
,0,0,0
,58,58,116
,0,0,0
,0,0,0
,0,0,0
,0,0,0
,0,0,0
,0,0,0
,0,0,0
,0,0,0
,0,0,0
,53,53,106
,0,0,0
,5,5,10
,4,4,8
,0,0,0
,0,0,0
,0,0,0
,0,0,0
,0,0,0
,1,1,2
,0,0,0
Ⱥ,0,0,0
Ȼ,29,29,58
ȸ,0,0,0
ȹ,1,1,2
Ⱦ,0,0,0
ȿ,0,0,0
ȼ,1,1,2
Ƚ,0,0,0
Ȱ,2,2,4
ȱ,2,2,4
ȶ,0,0,0
ȷ,8,8,16
ȴ,1,1,2
ȵ,0,0,0
Ȫ,0,0,0
ȫ,12,12,24
Ȩ,1,1,2
ȩ,0,0,0
,0,0,0
ȯ,0,0,0
Ȭ,0,0,0
ȭ,0,0,0
Ȣ,0,0,0
ȣ,0,0,0
ȡ,4,4,8
Ȧ,1,1,2
ȧ,0,0,0
Ȥ,0,0,0
ȥ,5,5,10
,3,3,6
,0,0,0
,5,5,10
,0,0,0
,0,0,0
,0,0,0
,0,0,0
,0,0,0
,0,0,0
,7,7,14
,4,4,8
,0,0,0
,0,0,0
,3,3,6
,10,10,20
,13,13,26
,0,0,0
,1,1,2
,0,0,0
,0,0,0
,0,0,0
,1,1,2
,1,1,2
,0,0,0
,4,4,8
,13,13,26
,2,2,4
,0,0,0
,0,0,0
,0,0,0
,0,0,0
,0,0,0
,0,0,0
,13,13,26
,0,0,0
,2,2,4
,0,0,0
,2,2,4
,7,7,14
,0,0,0
,0,0,0
,0,0,0
,0,0,0
,0,0,0
Х,0,0,0
,0,0,0
,4,4,8
,3,3,6
,0,0,0
,12,12,24
,0,0,0
,0,0,0
,0,0,0
,0,0,0
,0,0,0
,4,4,8
,17,17,34
,0,0,0
,0,0,0
,0,0,0
,7,7,14
,0,0,0
,0,0,0
,0,0,0
,0,0,0
,0,0,0
,0,0,0
,0,0,0
,1,1,2
,0,0,0
,1,1,2
Ъ,0,0,0
,0,0,0
,0,0,0
,1,1,2
,1,1,2
,0,0,0
,2,2,4
,0,0,0
,1,1,2
,6,6,12
,0,0,0
,6,6,12
,0,0,0
,2,2,4
,0,0,0
,0,0,0
,0,0,0
,0,0,0
,16,16,32
,12,12,24
,9,9,18
,5,5,10
,4,4,8
,1,1,2
,1,1,2
,0,0,0
,2,2,4
,0,0,0
,0,0,0
,4,4,8
,0,0,0
,1,1,2
,4,4,8
,0,0,0
,58,58,116
,0,0,0
,1,1,2
,1,1,2
,1,1,2
,0,0,0
,1,1,2
,5,5,10
,15,15,30
,1,1,2
,3,3,6
,0,0,0
,0,0,0
,1,1,2
,2,2,4
,5,5,10
,11,11,22
,0,0,0
,0,0,0
,0,0,0
,0,0,0
,0,0,0
,0,0,0
,0,0,0
,0,0,0
,1,1,2
,0,0,0
,0,0,0
,0,0,0
,0,0,0
,0,0,0
,0,0,0
,0,0,0
,0,0,0
,1,1,2
,0,0,0
,0,0,0
,0,0,0
,0,0,0
,0,0,0
,0,0,0
,0,0,0
,0,0,0
,0,0,0
,0,0,0
,0,0,0
,0,0,0
,0,0,0
,0,0,0
,3,3,6
,0,0,0
,0,0,0
,0,0,0
,2,2,4
Ů,22,22,44
,0,0,0
,5,5,10
,0,0,0
,0,0,0
,0,0,0
,0,0,0
,0,0,0
,0,0,0
,0,0,0
,0,0,0
,0,0,0
,0,0,0
,0,0,0
,0,0,0
,0,0,0
,0,0,0
,0,0,0
,0,0,0
,0,0,0
,0,0,0
,3,3,6
,0,0,0
,0,0,0
,0,0,0
,3,3,6
,5,5,10
,3,3,6
,0,0,0
,0,0,0
,0,0,0
,2,2,4
,0,0,0
,114,114,228
,1,1,2
,0,0,0
,0,0,0
,3,3,6
,3,3,6
,0,0,0
,1,1,2
,9,9,18
,1,1,2
,4,4,8
,1,1,2
,0,0,0
,1,1,2
,0,0,0
,0,0,0
,0,0,0
,4,4,8
,0,0,0
,0,0,0
,0,0,0
,2,2,4
,45,45,90
,1,1,2
,3,3,6
,0,0,0
,0,0,0
,7,7,14
,0,0,0
,17,17,34
,10,10,20
,0,0,0
,0,0,0
,2,2,4
,22,22,44
,0,0,0
,3,3,6
,1,1,2
,2,2,4
,0,0,0
,0,0,0
,0,0,0
,0,0,0
,21,21,42
,0,0,0
,0,0,0
,0,0,0
,0,0,0
,0,0,0
,0,0,0
,2,2,4
,0,0,0
,0,0,0
,0,0,0
,0,0,0
,0,0,0
,0,0,0
,0,0,0
,0,0,0
,0,0,0
,0,0,0
,0,0,0
צ,0,0,0
ץ,2,2,4
,0,0,0
ף,2,2,4
ע,4,4,8
,0,0,0
,0,0,0
ׯ,0,0,0
׮,0,0,0
׭,0,0,0
׬,0,0,0
,0,0,0
,0,0,0
ש,0,0,0
,0,0,0
׷,6,6,12
׶,0,0,0
׵,0,0,0
״,5,5,10
׳,0,0,0
ײ,0,0,0
,0,0,0
װ,1,1,2
,0,0,0
,0,0,0
׽,0,0,0
׼,6,6,12
,0,0,0
׺,0,0,0
,0,0,0
׸,0,0,0
,1,1,2
,39,39,78
٩,0,0,0
,0,0,0
,0,0,0
׻,0,0,0
,0,0,0
,1,1,2
,0,0,0
,1,1,2
,4,4,8
,2,2,4
,0,0,0
,0,0,0
,0,0,0
,0,0,0
,31,31,62
,1,1,2
,4,4,8
,2,2,4
,4,4,8
,0,0,0
,0,0,0
,1,1,2
,0,0,0
,2,2,4
,0,0,0
,0,0,0
,0,0,0
,0,0,0
,12,12,24
,0,0,0
,4,4,8
,0,0,0
,0,0,0
,0,0,0
,0,0,0
,0,0,0
,0,0,0
,22,22,44
,2,2,4
,3,3,6
,0,0,0
,0,0,0
,23,23,46
,0,0,0
,0,0,0
,0,0,0
,0,0,0
,0,0,0
,0,0,0
,0,0,0
,0,0,0
,3,3,6
,3,3,6
,0,0,0
,7,7,14
,3,3,6
,4,4,8
,4,4,8
,0,0,0
,0,0,0
,0,0,0
,1,1,2
,0,0,0
Ҵ,0,0,0
ҵ,2,2,4
Ҷ,1,1,2
ҷ,0,0,0
Ұ,1,1,2
ұ,0,0,0
Ҳ,11,11,22
ҳ,2,2,4
Ҽ,0,0,0
ҽ,14,14,28
Ҿ,0,0,0
Ҹ,0,0,0
ҹ,10,10,20
Һ,0,0,0
һ,262,262,524
Ҥ,0,0,0
ҥ,0,0,0
ҧ,0,0,0
ҡ,0,0,0
ң,1,1,2
,0,0,0
ҭ,0,0,0
Ү,0,0,0
ү,2,2,4
Ҩ,0,0,0
ҩ,6,6,12
Ҫ,6,6,12
ҫ,1,1,2
,3,3,6
,3,3,6
,1,1,2
,0,0,0
,0,0,0
,1,1,2
,0,0,0
,0,0,0
,0,0,0
,0,0,0
,3,3,6
,0,0,0
,0,0,0
,17,17,34
,0,0,0
,5,5,10
,0,0,0
,0,0,0
Э,4,4,8
,1,1,2
ե,1,1,2
ʻ,0,0,0
,1,1,2
,0,0,0
,0,0,0
,0,0,0
,0,0,0
ʴ,0,0,0
,0,0,0
,2,2,4
²,0,0,0
,0,0,0
,1,1,2
,0,0,0
,2,2,4
,0,0,0
,0,0,0
,1,1,2
ɹ,2,2,4
ɸ,0,0,0
ɻ,0,0,0
ɺ,0,0,0
ɽ,7,7,14
ɼ,0,0,0
ɾ,0,0,0
ɱ,0,0,0
ɰ,0,0,0
ɳ,4,4,8
ɲ,1,1,2
ɵ,0,0,0
ɴ,1,1,2
ɷ,1,1,2
ɶ,1,1,2
ɩ,0,0,0
ɨ,1,1,2
ɫ,4,4,8
ɪ,1,1,2
ɭ,0,0,0
ɬ,0,0,0
ɮ,1,1,2
ɡ,0,0,0
ɣ,0,0,0
ɢ,1,1,2
ɥ,0,0,0
ɤ,0,0,0
ɧ,0,0,0
ɦ,0,0,0
,8,8,16
,0,0,0
,1,1,2
,0,0,0
,0,0,0
,0,0,0
,0,0,0
,1,1,2
,0,0,0
,0,0,0
,4,4,8
,0,0,0
,0,0,0
,0,0,0
,0,0,0
,0,0,0
,8,8,16
,0,0,0
,0,0,0
,1,1,2
,41,41,82
,0,0,0
,2,2,4
,0,0,0
,1,1,2
,1,1,2
,0,0,0
,3,3,6
,2,2,4
,0,0,0
,0,0,0
,51,51,102
,1,1,2
,0,0,0
,1,1,2
,1,1,2
,0,0,0
,1,1,2
,2,2,4
,0,0,0
,0,0,0
,0,0,0
,0,0,0
,9,9,18
,0,0,0
,2,2,4
,21,21,42
,0,0,0
,0,0,0
,10,10,20
,3,3,6
,1,1,2
,1,1,2
,1,1,2
,0,0,0
,2,2,4
,9,9,18
,1,1,2
,0,0,0
,0,0,0
,4,4,8
,0,0,0
,0,0,0
,0,0,0
,3,3,6
,0,0,0
,1,1,2
,0,0,0
,1,1,2
,4,4,8
,0,0,0
,0,0,0
,10,10,20
,0,0,0
,0,0,0
,0,0,0
,4,4,8
,7,7,14
,5,5,10
,0,0,0
,0,0,0
,2,2,4
,0,0,0
,0,0,0
,1,1,2
,0,0,0
,1,1,2
,0,0,0
,4,4,8
,2,2,4
,10,10,20
,0,0,0
,0,0,0
,0,0,0
,1,1,2
,0,0,0
,57,57,114
,11,11,22
,0,0,0
,0,0,0
,1,1,2
,3,3,6
,1,1,2
,1,1,2
,0,0,0
,23,23,46
,1,1,2
,14,14,28
,0,0,0
,0,0,0
,0,0,0
,3,3,6
,0,0,0
,5,5,10
,0,0,0
,0,0,0
,16,16,32
,22,22,44
,18,18,36
,3,3,6
,3,3,6
,0,0,0
,0,0,0
,20,20,40
,0,0,0
,0,0,0
,0,0,0
,1,1,2
,0,0,0
,1,1,2
,65,65,130
,0,0,0
,17,17,34
,1,1,2
,4,4,8
,2,2,4
,0,0,0
,0,0,0
,2,2,4
,0,0,0
,11,11,22
,0,0,0
,1,1,2
,0,0,0
,3,3,6
,0,0,0
,0,0,0
,0,0,0
,0,0,0
,0,0,0
,0,0,0
,0,0,0
,0,0,0
,0,0,0
,11,11,22
,4,4,8
,3,3,6
,2,2,4
,0,0,0
,1,1,2
,1,1,2
,41,41,82
,0,0,0
,0,0,0
,0,0,0
,0,0,0
,0,0,0
,0,0,0
,0,0,0
,0,0,0
,2,2,4
,0,0,0
,2,2,4
,0,0,0
,0,0,0
,2,2,4
,1,1,2
,10,10,20
,3,3,6
,2,2,4
,3,3,6
,2,2,4
Į,1,1,2
į,0,0,0
Ĭ,3,3,6
ĭ,0,0,0
Ī,4,4,8
ī,1,1,2
Ĩ,1,1,2
ĩ,1,1,2
Ħ,0,0,0
ħ,0,0,0
Ĥ,0,0,0
ĥ,0,0,0
Ģ,0,0,0
ģ,7,7,14
ġ,0,0,0
ľ,3,3,6
Ŀ,10,10,20
,0,0,0
,0,0,0
ĺ,0,0,0
Ļ,0,0,0
ĸ,1,1,2
Ĺ,1,1,2
,0,0,0
ķ,0,0,0
Ĵ,0,0,0
ĵ,0,0,0
ĳ,2,2,4
İ,3,3,6
ı,0,0,0
,0,0,0
,0,0,0
,0,0,0
,0,0,0
,2,2,4
,0,0,0
,0,0,0
,2,2,4
,2,2,4
,3,3,6
,27,27,54
,9,9,18
,0,0,0
,2,2,4
,13,13,26
,0,0,0
,0,0,0
,1,1,2
,0,0,0
,0,0,0
,0,0,0
,0,0,0
,4,4,8
,0,0,0
,0,0,0
,1,1,2
,0,0,0
,2,2,4
,0,0,0
,0,0,0
,1,1,2
,0,0,0
,16,16,32
,0,0,0
,0,0,0
,0,0,0
,0,0,0
,0,0,0
,0,0,0
,0,0,0
,0,0,0
,1,1,2
,0,0,0
,1,1,2
,0,0,0
,1,1,2
,0,0,0
,0,0,0
,5,5,10
,0,0,0
,0,0,0
,0,0,0
,0,0,0
,0,0,0
,16,16,32
,9,9,18
,5,5,10
,0,0,0
,0,0,0
,15,15,30
,3,3,6
,3,3,6
,0,0,0
,0,0,0
,1,1,2
,1,1,2
,0,0,0
,3,3,6
,0,0,0
,0,0,0
,0,0,0
,0,0,0
,5,5,10
,4,4,8
,1,1,2
,1,1,2
,0,0,0
,1,1,2
,0,0,0
,1,1,2
,19,19,38
,0,0,0
,0,0,0
,0,0,0
,0,0,0
,0,0,0
,0,0,0
,0,0,0
,0,0,0
,0,0,0
,0,0,0
,0,0,0
,0,0,0
,0,0,0
,0,0,0
,0,0,0
,0,0,0
,9,9,18
,0,0,0
,1,1,2
,0,0,0
,0,0,0
,0,0,0
,0,0,0
,0,0,0
,0,0,0
,0,0,0
,0,0,0
,0,0,0
,0,0,0
,0,0,0
,0,0,0
,2,2,4
,8,8,16
,0,0,0
,3,3,6
,0,0,0
,0,0,0
,0,0,0
,0,0,0
,0,0,0
,0,0,0
,0,0,0
,0,0,0
,0,0,0
,0,0,0
,0,0,0
,0,0,0
,0,0,0
,0,0,0
,0,0,0
,0,0,0
,0,0,0
,0,0,0
,0,0,0
,0,0,0
,0,0,0
,3,3,6
,0,0,0
,0,0,0
,0,0,0
,1,1,2
,0,0,0
,0,0,0
,43,43,86
,0,0,0
,0,0,0
,0,0,0
,0,0,0
,0,0,0
,0,0,0
,15,15,30
,0,0,0
,0,0,0
,0,0,0
,0,0,0
ӻ,0,0,0
Ӻ,0,0,0
ӹ,0,0,0
Ӹ,0,0,0
ӿ,0,0,0
,2,2,4
ӽ,0,0,0
Ӽ,0,0,0
ӳ,0,0,0
Ӳ,4,4,8
ӱ,0,0,0
Ӱ,4,4,8
ӷ,0,0,0
Ӷ,0,0,0
ӵ,2,2,4
ӫ,0,0,0
Ӫ,2,2,4
Ѳ,0,0,0
ӯ,0,0,0
Ӯ,0,0,0
ӭ,3,3,6
Ӭ,0,0,0
ӣ,1,1,2
Ӣ,8,8,16
ӡ,5,5,10
ӧ,0,0,0
Ӧ,13,13,26
ӥ,0,0,0
,1,1,2
ܷ,0,0,0
,0,0,0
,0,0,0
,4,4,8
ܰ,0,0,0
ܾ,0,0,0
,1,1,2
,0,0,0
,0,0,0
,0,0,0
,0,0,0
,6,6,12
ܬ,0,0,0
,0,0,0
,0,0,0
ܨ,0,0,0
,4,4,8
,0,0,0
,0,0,0
,0,0,0
,0,0,0
,0,0,0
,0,0,0
,0,0,0
,0,0,0
,3,3,6
,1,1,2
,0,0,0
,0,0,0
,0,0,0
,36,36,72
,4,4,8
,0,0,0
,1,1,2
,0,0,0
,6,6,12
,3,3,6
,0,0,0
,4,4,8
,0,0,0
,2,2,4
,0,0,0
,0,0,0
,0,0,0
,1,1,2
,0,0,0
,5,5,10
,0,0,0
,0,0,0
,1,1,2
,0,0,0
,0,0,0
,1,1,2
,0,0,0
,0,0,0
,0,0,0
,33,33,66
,1,1,2
,0,0,0
,2,2,4
,0,0,0
,0,0,0
,0,0,0
,5,5,10
,5,5,10
,2,2,4
,10,10,20
,4,4,8
,0,0,0
,0,0,0
,3,3,6
,0,0,0
,10,10,20
,7,7,14
,1,1,2
,4,4,8
,5,5,10
,0,0,0
,0,0,0
,1,1,2
,0,0,0
,0,0,0
,1,1,2
,1,1,2
,8,8,16
,10,10,20
,4,4,8
,0,0,0
,0,0,0
,0,0,0
,0,0,0
,0,0,0
,0,0,0
,0,0,0
,0,0,0
,0,0,0
,0,0,0
,0,0,0
,0,0,0
,0,0,0
,0,0,0
,2,2,4
,11,11,22
,0,0,0
,0,0,0
,0,0,0
,17,17,34
,0,0,0
,1,1,2
,0,0,0
,0,0,0
,5,5,10
,2,2,4
,0,0,0
,7,7,14
,0,0,0
,6,6,12
,0,0,0
,0,0,0
,1,1,2
,2,2,4
,0,0,0
,11,11,22
,0,0,0
,2,2,4
,1,1,2
,1,1,2
,0,0,0
,0,0,0
,1,1,2
,0,0,0
,9,9,18
,0,0,0
,0,0,0
,0,0,0
,7,7,14
,10,10,20
,0,0,0
,3,3,6
,0,0,0
,1,1,2
,12,12,24
,0,0,0
,0,0,0
,0,0,0
,2,2,4
,0,0,0
,1,1,2
,0,0,0
,1,1,2
,0,0,0
,12,12,24
,0,0,0
,0,0,0
,11,11,22
,0,0,0
,0,0,0
,0,0,0
,0,0,0
,0,0,0
,0,0,0
,15,15,30
,0,0,0
,19,19,38
,0,0,0
,0,0,0
,0,0,0
,0,0,0
,0,0,0
,1,1,2
ڿ,0,0,0
,0,0,0
,1,1,2
,44,44,88
,0,0,0
,0,0,0
,0,0,0
,76,76,152
,0,0,0
,1,1,2
,0,0,0
,0,0,0
,0,0,0
Ψ,0,0,0
Ω,0,0,0
Ϊ,26,26,52
,0,0,0
ά,2,2,4
έ,0,0,0
ή,0,0,0
ί,1,1,2
Ρ,0,0,0
΢,7,7,14
Σ,2,2,4
Υ,1,1,2
Φ,0,0,0
Χ,0,0,0
θ,1,1,2
ι,0,0,0
κ,2,2,4
λ,7,7,14
ν,0,0,0
ξ,0,0,0
ο,1,1,2
ΰ,0,0,0
α,0,0,0
β,0,0,0
γ,0,0,0
δ,7,7,14
ε,0,0,0
ζ,6,6,12
η,0,0,0
,2,2,4
,0,0,0
,0,0,0
,0,0,0
,0,0,0
,0,0,0
,0,0,0
,0,0,0
,4,4,8
,0,0,0
,1,1,2
,0,0,0
,0,0,0
,0,0,0
,0,0,0
,1,1,2
,0,0,0
,1,1,2
,0,0,0
,1,1,2
,5,5,10
,0,0,0
,0,0,0
,0,0,0
,1,1,2
,0,0,0
,7,7,14
,0,0,0
,6,6,12
,0,0,0
,0,0,0
,2,2,4
,0,0,0
,0,0,0
,0,0,0
,0,0,0
,0,0,0
,0,0,0
,3,3,6
,0,0,0
,0,0,0
,0,0,0
,0,0,0
,0,0,0
,0,0,0
,2,2,4
,0,0,0
,0,0,0
,0,0,0
,0,0,0
,1,1,2
,0,0,0
,1,1,2
,9,9,18
,2,2,4
,0,0,0
,0,0,0
,14,14,28
,0,0,0
,1,1,2
,0,0,0
,0,0,0
,0,0,0
,0,0,0
խ,0,0,0
,0,0,0
,0,0,0
,1,1,2
,0,0,0
,0,0,0
,0,0,0
,0,0,0
,0,0,0
,0,0,0
,0,0,0
,21,21,42
,0,0,0
,0,0,0
,0,0,0
,0,0,0
,2,2,4
,0,0,0
,0,0,0
,1,1,2
,2,2,4
ŭ,0,0,0
Ŭ,16,16,32
ů,2,2,4
,0,0,0
ũ,0,0,0
Ũ,2,2,4
ū,0,0,0
Ū,0,0,0
ť,0,0,0
,2,2,4
ŧ,0,0,0
Ŧ,0,0,0
š,0,0,0
,0,0,0
ţ,6,6,12
,0,0,0
Ž,0,0,0
ż,6,6,12
ſ,0,0,0
ž,0,0,0
Ź,0,0,0
,0,0,0
Ż,0,0,0
ź,0,0,0
ŵ,1,1,2
Ŵ,0,0,0
ŷ,4,4,8
,2,2,4
ű,0,0,0
Ű,0,0,0
ų,3,3,6
Ų,0,0,0
,0,0,0
,1,1,2
,0,0,0
,0,0,0
,0,0,0
,0,0,0
,0,0,0
,8,8,16
,4,4,8
,0,0,0
,1,1,2
,0,0,0
,1,1,2
,0,0,0
,3,3,6
,2,2,4
,0,0,0
,0,0,0
,0,0,0
,0,0,0
,0,0,0
,0,0,0
,0,0,0
,4,4,8
,0,0,0
,0,0,0
,1,1,2
,1,1,2
,0,0,0
,2,2,4
,0,0,0
,0,0,0
,0,0,0
,0,0,0
,0,0,0
,0,0,0
,0,0,0
,1,1,2
,2,2,4
,0,0,0
,0,0,0
,2,2,4
,3,3,6
,1,1,2
,2,2,4
,0,0,0
,0,0,0
,0,0,0
,0,0,0
,0,0,0
,1,1,2
,0,0,0
,0,0,0
,0,0,0
,0,0,0
,14,14,28
,0,0,0
,0,0,0
,0,0,0
,0,0,0
,0,0,0
,0,0,0
,0,0,0
,0,0,0
,3,3,6
,0,0,0
,0,0,0
,0,0,0
,3,3,6
,13,13,26
,0,0,0
,0,0,0
,0,0,0
,0,0,0
տ,0,0,0
,0,0,0
,0,0,0
,0,0,0
,0,0,0
,0,0,0
,0,0,0
,0,0,0
,0,0,0
,8,8,16
,0,0,0
,4,4,8
,0,0,0
,0,0,0
,0,0,0
,0,0,0
,3,3,6
,0,0,0
,0,0,0
,0,0,0
,0,0,0
,0,0,0
,0,0,0
,0,0,0
,0,0,0
,0,0,0
,0,0,0
,1,1,2
,0,0,0
,0,0,0
,0,0,0
,1,1,2
,0,0,0
,1,1,2
,0,0,0
,0,0,0
,0,0,0
,0,0,0
,0,0,0
,0,0,0
,0,0,0
,0,0,0
,0,0,0
,1,1,2
,0,0,0
,0,0,0
,0,0,0
,2,2,4
,0,0,0
,0,0,0
,0,0,0
,0,0,0
,2,2,4
,3,3,6
,5,5,10
,0,0,0
,0,0,0
,29,29,58
,0,0,0
,0,0,0
,1,1,2
,2,2,4
,0,0,0
,0,0,0
,3,3,6
,0,0,0
,0,0,0
,0,0,0
,0,0,0
,1,1,2
,0,0,0
,0,0,0
,0,0,0
,0,0,0
,0,0,0
,0,0,0
,0,0,0
,45,45,90
,0,0,0
,0,0,0
,0,0,0
,2,2,4
,7,7,14
,1,1,2
,0,0,0
,8,8,16
,0,0,0
,1,1,2
,1,1,2
,13,13,26
,0,0,0
,0,0,0
,0,0,0
,0,0,0
,7,7,14
,0,0,0
,0,0,0
,1,1,2
,0,0,0
,4,4,8
,0,0,0
,0,0,0
,0,0,0
,0,0,0
,0,0,0
,0,0,0
,2,2,4
,0,0,0
,0,0,0
,0,0,0
,0,0,0
,0,0,0
,0,0,0
,0,0,0
,1,1,2
,0,0,0
,6,6,12
,0,0,0
,2,2,4
,0,0,0
,1,1,2
,4,4,8
,0,0,0
,9,9,18
,0,0,0
,0,0,0
,0,0,0
,0,0,0
,0,0,0
,0,0,0
,0,0,0
,0,0,0
,0,0,0
,6,6,12
,2,2,4
,0,0,0
,0,0,0
,0,0,0
,0,0,0
,0,0,0
,0,0,0
,0,0,0
,0,0,0
,0,0,0
,0,0,0
,0,0,0
,0,0,0
,0,0,0
,0,0,0
,1,1,2
,3,3,6
,1,1,2
,0,0,0
,6,6,12
,1,1,2
,1,1,2
,0,0,0
,116,116,232
,0,0,0
,0,0,0
,0,0,0
,0,0,0
,2,2,4
,4,4,8
,0,0,0
,0,0,0
,0,0,0
,0,0,0
,0,0,0
,2,2,4
,0,0,0
,0,0,0
,0,0,0
,0,0,0
,0,0,0
,1,1,2
,0,0,0
,1,1,2
,0,0,0
,0,0,0
,2,2,4
,0,0,0
,1,1,2
,0,0,0
,1,1,2
,0,0,0
,1,1,2
,0,0,0
,0,0,0
,0,0,0
,0,0,0
,0,0,0
,2,2,4
,1,1,2
,0,0,0
,1,1,2
,6,6,12
,20,20,40
,0,0,0
,2,2,4
,1,1,2
,2,2,4
,2,2,4
,0,0,0
,0,0,0
,2,2,4
,2,2,4
,0,0,0
,0,0,0
,0,0,0
,0,0,0
,0,0,0
,0,0,0
,0,0,0
,5,5,10
,4,4,8
,4,4,8
,0,0,0
,0,0,0
,0,0,0
,0,0,0
,2,2,4
,0,0,0
,2,2,4
,0,0,0
,0,0,0
,0,0,0
,11,11,22
,0,0,0
,2,2,4
,2,2,4
,0,0,0
,0,0,0
,0,0,0
,0,0,0
,0,0,0
,1,1,2
,0,0,0
,0,0,0
,0,0,0
,0,0,0
,0,0,0
,0,0,0
,5,5,10
,0,0,0
,0,0,0
,0,0,0
,0,0,0
,0,0,0
,0,0,0
,0,0,0
,0,0,0
,7,7,14
,0,0,0
,0,0,0
,0,0,0
,0,0,0
,0,0,0
,0,0,0
,1,1,2
ļ,0,0,0
,0,0,0
,0,0,0
Ľ,1,1,2
,0,0,0
,0,0,0
,4,4,8
,0,0,0
,0,0,0
,0,0,0
,0,0,0
,0,0,0
,0,0,0
,0,0,0
,0,0,0
,0,0,0
,2,2,4
,0,0,0
,0,0,0
,0,0,0
,0,0,0
,0,0,0
Ķ,0,0,0
,0,0,0
,0,0,0
,0,0,0
,0,0,0
,0,0,0
,0,0,0
,0,0,0
,0,0,0
,0,0,0
,0,0,0
ݴ,0,0,0
,0,0,0
,0,0,0
ݱ,0,0,0
,0,0,0
,0,0,0
,0,0,0
,3,3,6
,0,0,0
,0,0,0
,0,0,0
ݺ,0,0,0
,0,0,0
,0,0,0
,0,0,0
,0,0,0
,0,0,0
ݬ,0,0,0
ݯ,0,0,0
ݮ,0,0,0
ݩ,0,0,0
,0,0,0
ݫ,0,0,0
,1,1,2
ϯ,0,0,0
Ϯ,0,0,0
ϭ,0,0,0
,0,0,0
ϫ,0,0,0
Ϫ,0,0,0
ϩ,0,0,0
Ϩ,0,0,0
,1,1,2
ϥ,2,2,4
Ϥ,1,1,2
ϣ,15,15,30
Ϣ,0,0,0
ϡ,2,2,4
,2,2,4
Ͽ,0,0,0
Ͼ,0,0,0
Ͻ,0,0,0
ϼ,0,0,0
ϻ,0,0,0
,0,0,0
ϸ,10,10,20
Ϸ,3,3,6
϶,0,0,0
ϵ,7,7,14
,0,0,0
ϳ,0,0,0
ϲ,37,37,74
ϱ,1,1,2
ϰ,4,4,8
ب,0,0,0
,0,0,0
ج,0,0,0
,4,4,8
,7,7,14
أ,0,0,0
ئ,0,0,0
,0,0,0
ؤ,0,0,0
إ,0,0,0
غ,0,0,0
,0,0,0
ؽ,0,0,0
ز,0,0,0
,0,0,0
ذ,0,0,0
,0,0,0
,0,0,0
,2,2,4
,3,3,6
,2,2,4
,21,21,42
,0,0,0
,0,0,0
,0,0,0
,0,0,0
,0,0,0
,0,0,0
,1,1,2
,6,6,12
,0,0,0
,0,0,0
,20,20,40
,0,0,0
,0,0,0
,0,0,0
,11,11,22
,1,1,2
,0,0,0
,0,0,0
,0,0,0
,0,0,0
,0,0,0
,0,0,0
,1,1,2
,0,0,0
,0,0,0
,1,1,2
,0,0,0
,0,0,0
,0,0,0
,1,1,2
,1,1,2
,1,1,2
,0,0,0
,0,0,0
,0,0,0
,0,0,0
,0,0,0
,4,4,8
,0,0,0
,36,36,72
,1,1,2
,0,0,0
,0,0,0
,1,1,2
,0,0,0
,0,0,0
,1,1,2
,0,0,0
,0,0,0
,0,0,0
,0,0,0
,43,43,86
,0,0,0
,5,5,10
,1,1,2
,0,0,0
,0,0,0
,0,0,0
,0,0,0
,0,0,0
,0,0,0
,0,0,0
,0,0,0
,14,14,28
,0,0,0
,0,0,0
,0,0,0
,0,0,0
,0,0,0
,0,0,0
,0,0,0
,1,1,2
,1,1,2
,1,1,2
,1,1,2
,1,1,2
,0,0,0
,0,0,0
,0,0,0
,3,3,6
,0,0,0
,2,2,4
,1,1,2
,0,0,0
,0,0,0
,1,1,2
,2,2,4
,0,0,0
,12,12,24
,19,19,38
,1,1,2
,6,6,12
,0,0,0
,0,0,0
,9,9,18
,0,0,0
,1,1,2
,1,1,2
,0,0,0
,0,0,0
,0,0,0
,6,6,12
,0,0,0
,1,1,2
,1,1,2
,2,2,4
,21,21,42
,0,0,0
,20,20,40
,0,0,0
,0,0,0
,3,3,6
,0,0,0
,0,0,0
,0,0,0
,0,0,0
,0,0,0
,0,0,0
,5,5,10
,0,0,0
,0,0,0
,1,1,2
,0,0,0
,1,1,2
,0,0,0
,0,0,0
,0,0,0
,0,0,0
,2,2,4
,0,0,0
,0,0,0
,1,1,2
,0,0,0
,0,0,0
,0,0,0
,0,0,0
,6,6,12
,1,1,2
,0,0,0
,1,1,2
,0,0,0
,2,2,4
,0,0,0
,0,0,0
,0,0,0
,0,0,0
,0,0,0
,0,0,0
,0,0,0
,0,0,0
,0,0,0
,0,0,0
,0,0,0
,0,0,0
ʼ,1,1,2
ʽ,0,0,0
ʾ,2,2,4
ʿ,0,0,0
ʸ,0,0,0
ʹ,1,1,2
ʺ,0,0,0
,0,0,0
,0,0,0
ʵ,13,13,26
ʶ,2,2,4
ʷ,2,2,4
ʰ,0,0,0
ʱ,79,79,158
ʲ,37,37,74
ʳ,2,2,4
,0,0,0
ʭ,0,0,0
,0,0,0
,0,0,0
ʨ,0,0,0
,0,0,0
ʪ,0,0,0
,0,0,0
,0,0,0
ʥ,2,2,4
,0,0,0
,0,0,0
,0,0,0
ʢ,4,4,8
,0,0,0
,10,10,20
,1,1,2
ܽ,0,0,0
,0,0,0
,0,0,0
,0,0,0
,0,0,0
,0,0,0
,4,4,8
,0,0,0
,0,0,0
,0,0,0
Ȯ,0,0,0
,0,0,0
,166,166,332
,0,0,0
,0,0,0
,0,0,0
,1,1,2
,5,5,10
,1,1,2
,0,0,0
,0,0,0
,0,0,0
,0,0,0
,1,1,2
,0,0,0
,5,5,10
,0,0,0
,0,0,0
,4,4,8
ٶ,0,0,0
,0,0,0
,0,0,0
,0,0,0
,0,0,0
,0,0,0
,0,0,0
,1,1,2
,0,0,0
,0,0,0
,0,0,0
,0,0,0
,0,0,0
,0,0,0
,0,0,0
,0,0,0
,0,0,0
,0,0,0
,0,0,0
,0,0,0
,0,0,0
,0,0,0
,0,0,0
,0,0,0
,0,0,0
,0,0,0
,0,0,0
,0,0,0
,0,0,0
,0,0,0
,0,0,0
,0,0,0
,0,0,0
,0,0,0
,0,0,0
,0,0,0
,0,0,0
,0,0,0
,0,0,0
,0,0,0
,0,0,0
,0,0,0
,3,3,6
,0,0,0
,0,0,0
,0,0,0
,0,0,0
,0,0,0
,10,10,20
,0,0,0
,0,0,0
,0,0,0
,0,0,0
,0,0,0
,0,0,0
,0,0,0
,0,0,0
,0,0,0
,2,2,4
,0,0,0
,0,0,0
,0,0,0
,0,0,0
,0,0,0
,0,0,0
,0,0,0
,0,0,0
,0,0,0
,0,0,0
,0,0,0
,0,0,0
,1,1,2
Ǭ,1,1,2
,0,0,0
,0,0,0
,0,0,0
,0,0,0
,0,0,0
,0,0,0
,0,0,0
,0,0,0
,0,0,0
,1,1,2
,0,0,0
,0,0,0
,0,0,0
,0,0,0
,0,0,0
,0,0,0
,0,0,0
,0,0,0
,5,5,10
,0,0,0
,0,0,0
,0,0,0
,3,3,6
,0,0,0
,0,0,0
,2,2,4
,0,0,0
,0,0,0
,5,5,10
,0,0,0
,0,0,0
,0,0,0
,0,0,0
,2,2,4
,1,1,2
,6,6,12
,6,6,12
,0,0,0
,0,0,0
,0,0,0
,2,2,4
,0,0,0
,0,0,0
,1,1,2
,0,0,0
,0,0,0
,0,0,0
,1,1,2
,0,0,0
,0,0,0
,0,0,0
,0,0,0
,3,3,6
,0,0,0
,0,0,0
,0,0,0
,0,0,0
,3,3,6
,0,0,0
,0,0,0
,0,0,0
,4,4,8
,0,0,0
,0,0,0
,0,0,0
,0,0,0
,0,0,0
,0,0,0
,0,0,0
,0,0,0
,1,1,2
,2,2,4
,0,0,0
,0,0,0
,0,0,0
,0,0,0
,1,1,2
,0,0,0
,0,0,0
,1,1,2
,0,0,0
,3,3,6
,0,0,0
,0,0,0
,0,0,0
,0,0,0
,0,0,0
,6,6,12
,2,2,4
,0,0,0
,0,0,0
,1,1,2
,7,7,14
,0,0,0
,0,0,0
,0,0,0
,1,1,2
,0,0,0
,0,0,0
,8,8,16
,10,10,20
,0,0,0
,3,3,6
,0,0,0
,0,0,0
,2,2,4
,0,0,0
,0,0,0
,0,0,0
,0,0,0
,0,0,0
,0,0,0
,0,0,0
,0,0,0
,0,0,0
,2,2,4
,0,0,0
,0,0,0
,0,0,0
,2,2,4
,0,0,0
,0,0,0
,0,0,0
,6,6,12
,0,0,0
,0,0,0
,0,0,0
,15,15,30
,0,0,0
,3,3,6
,0,0,0
,0,0,0
,0,0,0
,0,0,0
,0,0,0
,0,0,0
,0,0,0
,0,0,0
,5,5,10
,2,2,4
,0,0,0
,5,5,10
,0,0,0
,26,26,52
,3,3,6
,2,2,4
,0,0,0
,0,0,0
,6,6,12
,0,0,0
,1,1,2
,0,0,0
,0,0,0
,1,1,2
,3,3,6
,0,0,0
,0,0,0
,0,0,0
,0,0,0
,0,0,0
,0,0,0
,0,0,0
,3,3,6
,0,0,0
,0,0,0
,0,0,0
,1,1,2
,0,0,0
,34,34,68
,5,5,10
,0,0,0
,0,0,0
,0,0,0
,2,2,4
,0,0,0
,0,0,0
,0,0,0
,0,0,0
,0,0,0
,0,0,0
,0,0,0
,0,0,0
,0,0,0
,1,1,2
,0,0,0
,4,4,8
,4,4,8
,0,0,0
,0,0,0
,0,0,0
,10,10,20
,15,15,30
,0,0,0
,0,0,0
,0,0,0
,0,0,0
,0,0,0
,0,0,0
,0,0,0
,1,1,2
,2,2,4
,0,0,0
,0,0,0
,0,0,0
,1,1,2
,2,2,4
,1,1,2
,0,0,0
,0,0,0
,2,2,4
,0,0,0
,0,0,0
,3,3,6
,0,0,0
,0,0,0
,0,0,0
,2,2,4
,1,1,2
,0,0,0
,0,0,0
,0,0,0
,0,0,0
,14,14,28
,1,1,2
,0,0,0
,0,0,0
,0,0,0
,0,0,0
,0,0,0
,1,1,2
,0,0,0
,0,0,0
,0,0,0
,0,0,0
,8,8,16
,13,13,26
,1,1,2
,0,0,0
,0,0,0
,0,0,0
,0,0,0
,0,0,0
,2,2,4
,0,0,0
,1,1,2
,1,1,2
,0,0,0
,0,0,0
,0,0,0
,0,0,0
,0,0,0
,2,2,4
,1,1,2
,0,0,0
,2,2,4
Ϭ,0,0,0
,0,0,0
,0,0,0
,0,0,0
,47,47,94
,0,0,0
,0,0,0
Ϧ,0,0,0
,8,8,16
,0,0,0
,2,2,4
,1,1,2
,1,1,2
,0,0,0
,9,9,18
,1,1,2
,3,3,6
,0,0,0
,4,4,8
,0,0,0
,32,32,64
,0,0,0
,0,0,0
,0,0,0
,1,1,2
,6,6,12
,0,0,0
,0,0,0
,0,0,0
,0,0,0
,0,0,0
,1,1,2
,0,0,0
,0,0,0
Ϻ,6,6,12
,0,0,0
,0,0,0
,0,0,0
,0,0,0
г,0,0,0
,0,0,0
,0,0,0
,0,0,0
,0,0,0
,0,0,0
,0,0,0
,0,0,0
,0,0,0
,0,0,0
,0,0,0
,1,1,2
,0,0,0
,0,0,0
,2,2,4
,0,0,0
,0,0,0
,15,15,30
,0,0,0
,0,0,0
,0,0,0
,3,3,6
,0,0,0
,11,11,22
,0,0,0
,0,0,0
,0,0,0
,0,0,0
,7,7,14
,0,0,0
,0,0,0
,0,0,0
,0,0,0
,0,0,0
,0,0,0
,0,0,0
,0,0,0
,0,0,0
,14,14,28
,0,0,0
,0,0,0
,0,0,0
,0,0,0
,1,1,2
,0,0,0
,0,0,0
ة,0,0,0
,0,0,0
,0,0,0
,0,0,0
,0,0,0
,0,0,0
,0,0,0
,0,0,0
,0,0,0
,0,0,0
٨,0,0,0
,0,0,0
,0,0,0
,0,0,0
У,3,3,6
,0,0,0
,2,2,4
,0,0,0
٤,0,0,0
,0,0,0
,0,0,0
ٹ,0,0,0
ٻ,0,0,0
ٺ,1,1,2
,0,0,0
ټ,0,0,0
ٿ,0,0,0
,0,0,0
ٲ,1,1,2
,0,0,0
,0,0,0
,0,0,0
ˢ,1,1,2
ˡ,0,0,0
˧,2,2,4
˦,0,0,0
˥,1,1,2
ˤ,1,1,2
˫,5,5,10
˪,0,0,0
˩,0,0,0
˨,0,0,0
˯,14,14,28
ˮ,14,14,28
˭,2,2,4
ˬ,1,1,2
˳,4,4,8
˲,2,2,4
˱,0,0,0
˰,1,1,2
˷,0,0,0
˶,0,0,0
˵,6,6,12
,0,0,0
˻,0,0,0
,0,0,0
˹,0,0,0
˸,0,0,0
˿,0,0,0
,11,11,22
˽,3,3,6
˼,7,7,14
,0,0,0
,0,0,0
,0,0,0
,0,0,0
,0,0,0
,5,5,10
,0,0,0
,3,3,6
,0,0,0
,0,0,0
,16,16,32
,0,0,0
,0,0,0
,2,2,4
,0,0,0
,0,0,0
,2,2,4
,0,0,0
,0,0,0
,0,0,0
,1,1,2
,0,0,0
,1,1,2
,2,2,4
,0,0,0
,0,0,0
,0,0,0
,19,19,38
,0,0,0
,27,27,54
,0,0,0
,0,0,0
,4,4,8
,0,0,0
Ť,1,1,2
,0,0,0
,2,2,4
,0,0,0
,1,1,2
,0,0,0
,6,6,12
,0,0,0
,0,0,0
,2,2,4
¿,1,1,2
,0,0,0
,1,1,2
,2,2,4
,0,0,0
,0,0,0
,0,0,0
,1,1,2
,0,0,0
,1,1,2
,0,0,0
,4,4,8
,0,0,0
,0,0,0
,5,5,10
,2,2,4
,2,2,4
,1,1,2
,0,0,0
,0,0,0
,0,0,0
,0,0,0
,0,0,0
,0,0,0
,0,0,0
,0,0,0
,7,7,14
,0,0,0
,4,4,8
,0,0,0
,0,0,0
,43,43,86
,0,0,0
,0,0,0
,2,2,4
,0,0,0
,1,1,2
,0,0,0
,2,2,4
,0,0,0
,0,0,0
,9,9,18
,0,0,0
,0,0,0
,0,0,0
,19,19,38
,0,0,0
,0,0,0
,1,1,2
,1,1,2
,0,0,0
,0,0,0
,0,0,0
,0,0,0
,0,0,0
,1,1,2
,7,7,14
,2,2,4
,0,0,0
,6,6,12
,0,0,0
,0,0,0
,1,1,2
,0,0,0
,0,0,0
,1,1,2
,1,1,2
,0,0,0
,1,1,2
,1,1,2
,0,0,0
,0,0,0
,2,2,4
,4,4,8
,0,0,0
,0,0,0
,1,1,2
,1,1,2
,0,0,0
˺,0,0,0
,1,1,2
,2,2,4
Ծ,0,0,0
Կ,0,0,0
Լ,4,4,8
,0,0,0
Ժ,0,0,0
Ի,0,0,0
Ը,5,5,10
Թ,0,0,0
Զ,6,6,12
,0,0,0
Դ,0,0,0
Ե,1,1,2
Բ,1,1,2
Գ,0,0,0
԰,0,0,0
Ա,0,0,0
Ԯ,0,0,0
ԯ,0,0,0
ԭ,17,17,34
Ԫ,5,5,10
,0,0,0
Ԩ,0,0,0
ԩ,1,1,2
Ԧ,0,0,0
ԧ,0,0,0
Ԥ,16,16,32
ԥ,0,0,0
Ԣ,0,0,0
ԣ,0,0,0
,0,0,0
»,0,0,0
,0,0,0
,13,13,26
,0,0,0
,0,0,0
,8,8,16
,0,0,0
,0,0,0
,0,0,0
,1,1,2
,0,0,0
,65,65,130
,10,10,20
,0,0,0
,0,0,0
,0,0,0
,4,4,8
,12,12,24
,0,0,0
,0,0,0
,15,15,30
,4,4,8
,1,1,2
,0,0,0
,0,0,0
,1,1,2
,0,0,0
,21,21,42
,2,2,4
,3,3,6
,0,0,0
,0,0,0
,0,0,0
,0,0,0
,0,0,0
,0,0,0
,0,0,0
,0,0,0
Ӿ,0,0,0
,0,0,0
,0,0,0
,0,0,0
,0,0,0
,0,0,0
,1,1,2
,0,0,0
,0,0,0
,13,13,26
,0,0,0
,0,0,0
,0,0,0
,0,0,0
,0,0,0
,0,0,0
,0,0,0
,3,3,6
,0,0,0
,7,7,14
,0,0,0
˾,0,0,0
,0,0,0
,10,10,20
,0,0,0
,0,0,0
,0,0,0
,0,0,0
,1,1,2
,0,0,0
,2,2,4
,0,0,0
,0,0,0
,0,0,0
,0,0,0
,0,0,0
,0,0,0
,1,1,2
,0,0,0
,0,0,0
,5,5,10
,0,0,0
,2,2,4
,1,1,2
,1,1,2
,3,3,6
,0,0,0
,0,0,0
,0,0,0
,0,0,0
,0,0,0
,0,0,0
,0,0,0
,7,7,14
,0,0,0
,0,0,0
,0,0,0
,3,3,6
,4,4,8
,0,0,0
,3,3,6
,6,6,12
,1,1,2
,0,0,0
ư,0,0,0
Ʊ,0,0,0
Ʋ,0,0,0
,0,0,0
ƴ,2,2,4
,4,4,8
ƶ,2,2,4
Ʒ,4,4,8
Ƹ,0,0,0
,1,1,2
ƺ,0,0,0
,2,2,4
,0,0,0
,0,0,0
ƾ,0,0,0
,0,0,0
ơ,1,1,2
Ƣ,5,5,10
Ө,0,0,0
Ƥ,3,3,6
ƥ,1,1,2
Ʀ,0,0,0
,0,0,0
ƨ,1,1,2
Ʃ,0,0,0
ƪ,0,0,0
ƫ,3,3,6
,0,0,0
,0,0,0
Ʈ,5,5,10
Ư,3,3,6
,0,0,0
,4,4,8
,0,0,0
,0,0,0
,0,0,0
,0,0,0
Խ,9,9,18
,0,0,0
,1,1,2
,0,0,0
,0,0,0
,3,3,6
,0,0,0
,3,3,6
,0,0,0
,0,0,0
,0,0,0
,0,0,0
,0,0,0
,1,1,2
,0,0,0
,0,0,0
Է,0,0,0
,0,0,0
,2,2,4
,0,0,0
,3,3,6
,0,0,0
,2,2,4
Ÿ,0,0,0
,0,0,0
,0,0,0
,3,3,6
,0,0,0
Ƽ,0,0,0
,0,0,0
,0,0,0
,0,0,0
,0,0,0
,3,3,6
,0,0,0
,0,0,0
,0,0,0
,1,1,2
,0,0,0
,0,0,0
,1,1,2
,7,7,14
,0,0,0
,1,1,2
,0,0,0
,9,9,18
,4,4,8
,0,0,0
,1,1,2
,0,0,0
,0,0,0
,0,0,0
,1,1,2
,0,0,0
,1,1,2
,2,2,4
,7,7,14
,0,0,0
,9,9,18
,1,1,2
,0,0,0
,0,0,0
,0,0,0
,0,0,0
,0,0,0
,1,1,2
,0,0,0
,0,0,0
,0,0,0
,0,0,0
,2,2,4
,0,0,0
,0,0,0
,0,0,0
,0,0,0
,0,0,0
,0,0,0
,0,0,0
,1,1,2
,0,0,0
ԡ,0,0,0
,0,0,0
,0,0,0
,1,1,2
,0,0,0
,0,0,0
,0,0,0
,1,1,2
,0,0,0
,0,0,0
,1,1,2
,0,0,0
,0,0,0
,0,0,0
,0,0,0
,0,0,0
,0,0,0
,0,0,0
,3,3,6
,0,0,0
,0,0,0
,0,0,0
,0,0,0
,0,0,0
,2,2,4
,0,0,0
,0,0,0
,0,0,0
,1,1,2
,0,0,0
,1,1,2
ƽ,10,10,20
,0,0,0
,0,0,0
,0,0,0
,0,0,0
,0,0,0
,15,15,30
,0,0,0
,0,0,0
Ŷ,0,0,0
,0,0,0
,0,0,0
,0,0,0
,0,0,0
,7,7,14
,0,0,0
,0,0,0
,0,0,0
,0,0,0
,13,13,26
,1,1,2
,0,0,0
,0,0,0
,0,0,0
,1,1,2
,0,0,0
,0,0,0
,0,0,0
,0,0,0
,0,0,0
,0,0,0
,0,0,0
,0,0,0
,0,0,0
,4,4,8
,4,4,8
,0,0,0
,0,0,0
,1,1,2
,0,0,0
,0,0,0
,5,5,10
,0,0,0
,2,2,4
,0,0,0
,0,0,0
,0,0,0
§,0,0,0
,1,1,2
,0,0,0
,3,3,6
,1,1,2
,8,8,16
¢,0,0,0
,2,2,4
,0,0,0
,0,0,0
,0,0,0
,0,0,0
,0,0,0
,0,0,0
,3,3,6
,0,0,0
,0,0,0
,1,1,2
,0,0,0
,0,0,0
,1,1,2
,0,0,0
,0,0,0
,5,5,10
,9,9,18
,0,0,0
,1,1,2
,0,0,0
,3,3,6
,1,1,2
,0,0,0
,1,1,2
,0,0,0
,1,1,2
,0,0,0
ƿ,0,0,0
,0,0,0
,1,1,2
,0,0,0
,0,0,0
,0,0,0
,2,2,4
,0,0,0
,5,5,10
,0,0,0
,0,0,0
,0,0,0
,1,1,2
,0,0,0
,0,0,0
,9,9,18
,0,0,0
,2,2,4
±,0,0,0
,0,0,0
,0,0,0
,7,7,14
,0,0,0
,1,1,2
,0,0,0
,0,0,0
,0,0,0
,0,0,0
,0,0,0
,0,0,0
,0,0,0
,3,3,6
,0,0,0
,0,0,0
,0,0,0
,1,1,2
,3,3,6
,1,1,2
,16,16,32
,0,0,0
,7,7,14
,0,0,0
,0,0,0
,0,0,0
,0,0,0
,1,1,2
,10,10,20
,15,15,30
,4,4,8
,0,0,0
,3,3,6
,0,0,0
,0,0,0
,7,7,14
,0,0,0
,0,0,0
,0,0,0
,0,0,0
,1,1,2
,0,0,0
,0,0,0
,0,0,0
,0,0,0
,0,0,0
,14,14,28
,2,2,4
,1,1,2
,0,0,0
,0,0,0
,0,0,0
,12,12,24
,1,1,2
,0,0,0
,0,0,0
,67,67,134
,0,0,0
,0,0,0
,0,0,0
,0,0,0
,7,7,14
,0,0,0
,3,3,6
,0,0,0
,18,18,36
,0,0,0
,0,0,0
,6,6,12
,0,0,0
,0,0,0
,0,0,0
,1,1,2
,0,0,0
,0,0,0
,0,0,0
,22,22,44
,0,0,0
,0,0,0
,2,2,4
,0,0,0
,0,0,0
,8,8,16
,0,0,0
,0,0,0
,0,0,0
,0,0,0
,1,1,2
Ţ,0,0,0
,0,0,0
,1,1,2
ս,10,10,20
,0,0,0
,4,4,8
վ,1,1,2
չ,3,3,6
ո,0,0,0
ջ,0,0,0
,2,2,4
յ,0,0,0
մ,0,0,0
շ,1,1,2
ն,0,0,0
ձ,0,0,0
հ,0,0,0
ճ,0,0,0
,0,0,0
լ,0,0,0
կ,0,0,0
ծ,0,0,0
թ,1,1,2
ը,2,2,4
ի,0,0,0
ժ,0,0,0
,0,0,0
դ,0,0,0
է,0,0,0
զ,0,0,0
ա,0,0,0
գ,0,0,0
բ,1,1,2
޺,0,0,0
޼,0,0,0
,0,0,0
ޱ,0,0,0
,4,4,8
޴,0,0,0
޶,0,0,0
,3,3,6
,0,0,0
ެ,0,0,0
,0,0,0
ޢ,0,0,0
ޣ,0,0,0
ޤ,0,0,0
,1,1,2
,15,15,30
,1,1,2
,0,0,0
,1,1,2
,0,0,0
,2,2,4
,0,0,0
,0,0,0
,0,0,0
,0,0,0
,0,0,0
,17,17,34
,2,2,4
,0,0,0
,0,0,0
,0,0,0
,0,0,0
,1,1,2
,0,0,0
,0,0,0
,0,0,0
,0,0,0
,0,0,0
,0,0,0
,0,0,0
,0,0,0
,0,0,0
,0,0,0
,0,0,0
,0,0,0
,0,0,0
,0,0,0
,0,0,0
,0,0,0
,4,4,8
,1,1,2
,0,0,0
,1,1,2
,0,0,0
,0,0,0
,0,0,0
,0,0,0
,0,0,0
,0,0,0
,0,0,0
,0,0,0
,1,1,2
,0,0,0
,0,0,0
,0,0,0
,0,0,0
,0,0,0
,0,0,0
,1,1,2
,0,0,0
,0,0,0
,0,0,0
,0,0,0
,0,0,0
,0,0,0
,0,0,0
,0,0,0
,0,0,0
Ƿ,0,0,0
Ƕ,0,0,0
ǵ,0,0,0
Ǵ,0,0,0
ǳ,1,1,2
ǲ,0,0,0
Ǳ,1,1,2
ǰ,12,12,24
ǿ,12,12,24
Ǿ,0,0,0
ǽ,0,0,0
ǻ,0,0,0
Ǻ,0,0,0
ǹ,0,0,0
Ǹ,0,0,0
ǧ,10,10,20
Ǧ,0,0,0
ǥ,0,0,0
ǣ,3,3,6
Ǣ,0,0,0
ǡ,1,1,2
,0,0,0
ǯ,0,0,0
Ǯ,2,2,4
,1,1,2
ǫ,2,2,4
ǩ,1,1,2
Ǩ,0,0,0
,0,0,0
ק,0,0,0
,0,0,0
,0,0,0
,0,0,0
,0,0,0
,0,0,0
,0,0,0
,0,0,0
,1,1,2
,0,0,0
,0,0,0
,0,0,0
,0,0,0
,0,0,0
,1,1,2
,1,1,2
,0,0,0
פ,1,1,2
,0,0,0
,0,0,0
,0,0,0
,1,1,2
,0,0,0
,1,1,2
,0,0,0
,0,0,0
,0,0,0
,1,1,2
Ƶ,1,1,2
,1,1,2
,0,0,0
,0,0,0
,0,0,0
,5,5,10
ס,4,4,8
,0,0,0
,0,0,0
,0,0,0
,0,0,0
,0,0,0
,0,0,0
,0,0,0
,1,1,2
,0,0,0
,0,0,0
,23,23,46
,1,1,2
,2,2,4
,0,0,0
,6,6,12
ƹ,0,0,0
,1,1,2
,0,0,0
,0,0,0
,0,0,0
,1,1,2
,0,0,0
,18,18,36
,0,0,0
,0,0,0
,0,0,0
,1,1,2
,0,0,0
,0,0,0
,0,0,0
,0,0,0
,1,1,2
׫,0,0,0
,0,0,0
,0,0,0
,0,0,0
,0,0,0
,0,0,0
ת,16,16,32
,0,0,0
,0,0,0
,0,0,0
,0,0,0
,0,0,0
,0,0,0
,0,0,0
,0,0,0
,0,0,0
,18,18,36
ר,8,8,16
,0,0,0
,0,0,0
,1,1,2
,3,3,6
,18,18,36
,0,0,0
,10,10,20
,1,1,2
,1,1,2
,2,2,4
,2,2,4
,0,0,0
,0,0,0
,2,2,4
,2,2,4
,0,0,0
,5,5,10
,0,0,0
,2,2,4
,4,4,8
,19,19,38
,4,4,8
ƣ,1,1,2
,0,0,0
,14,14,28
,51,51,102
,3,3,6
,0,0,0
,0,0,0
,2,2,4
,1,1,2
,7,7,14
,0,0,0
,0,0,0
в,0,0,0
,0,0,0
а,1,1,2
б,0,0,0
ж,0,0,0
з,0,0,0
д,1,1,2
е,0,0,0
к,0,0,0
л,12,12,24
и,0,0,0
Ƨ,0,0,0
о,0,0,0
,0,0,0
м,0,0,0
н,0,0,0
Т,0,0,0
׿,1,1,2
С,50,50,100
Ц,0,0,0
Ч,7,7,14
Ф,0,0,0
׾,1,1,2
,0,0,0
Ы,0,0,0
Ш,0,0,0
Щ,0,0,0
Ю,0,0,0
Я,2,2,4
Ь,1,1,2
,0,0,0
,0,0,0
Ƭ,7,7,14
ƭ,1,1,2
,0,0,0
,0,0,0
׹,0,0,0
,0,0,0
,1,1,2
,1,1,2
,0,0,0
,0,0,0
,0,0,0
,0,0,0
,0,0,0
,0,0,0
,6,6,12
,0,0,0
,0,0,0
,12,12,24
,0,0,0
,0,0,0
,0,0,0
,0,0,0
,0,0,0
,0,0,0
,13,13,26
,0,0,0
,22,22,44
,0,0,0
,0,0,0
,0,0,0
,0,0,0
,1,1,2
,6,6,12
,0,0,0
,0,0,0
,0,0,0
,0,0,0
,4,4,8
,0,0,0
,5,5,10
,0,0,0
,0,0,0
,0,0,0
,0,0,0
,0,0,0
,1,1,2
,0,0,0
,0,0,0
,0,0,0
,4,4,8
,15,15,30
,3,3,6
,0,0,0
,1,1,2
,0,0,0
,0,0,0
,0,0,0
,0,0,0
,0,0,0
,6,6,12
,0,0,0
,0,0,0
,0,0,0
,0,0,0
,0,0,0
,0,0,0
,1,1,2
,0,0,0
,0,0,0
,2,2,4
,1,1,2
,29,29,58
,0,0,0
,0,0,0
,1,1,2
,0,0,0
,0,0,0
,0,0,0
,14,14,28
,0,0,0
,0,0,0
,1,1,2
,0,0,0
,16,16,32
,1,1,2
,1,1,2
,0,0,0
,0,0,0
,0,0,0
,0,0,0
,0,0,0
,10,10,20
,0,0,0
,1,1,2
,0,0,0
,0,0,0
,0,0,0
,0,0,0
,0,0,0
,3,3,6
,0,0,0
¥,6,6,12
¦,0,0,0
,0,0,0
,0,0,0
,0,0,0
£,0,0,0
­,0,0,0
,0,0,0
¯,0,0,0
¨,0,0,0
,0,0,0
ª,0,0,0
«,0,0,0
´,0,0,0
µ,0,0,0
¶,0,0,0
·,10,10,20
°,0,0,0
,0,0,0
,0,0,0
³,0,0,0
,0,0,0
½,0,0,0
¾,0,0,0
,0,0,0
¸,0,0,0
¹,0,0,0
,0,0,0
,0,0,0
,0,0,0
,0,0,0
,0,0,0
,0,0,0
,0,0,0
,0,0,0
,0,0,0
,0,0,0
,0,0,0
,0,0,0
,0,0,0
,0,0,0
,0,0,0
,0,0,0
,0,0,0
,1,1,2
,0,0,0
,1,1,2
,0,0,0
,0,0,0
,0,0,0
,0,0,0
,0,0,0
,0,0,0
,0,0,0
,0,0,0
,0,0,0
,0,0,0
,0,0,0
,0,0,0
,0,0,0
,0,0,0
,0,0,0
,0,0,0
,0,0,0
Ӥ,0,0,0
